{
    "algorithm_usage": {
        "Chuy\u1ec3n v\u1ecb 2 d\u00f2ng": 3,
        "Chuy\u1ec3n v\u1ecb nhi\u1ec1u d\u00f2ng": 2,
        "RSA": 4,
        "AES": 10,
        "Vigen\u00e8re": 4,
        "Caesar": 4,
        "XOR": 1,
        "Belasco": 17
    },
    "total_files_processed": 6,
    "encryption_times": {
        "Chuy\u1ec3n v\u1ecb 2 d\u00f2ng": [
            0.0001361370086669922,
            0.00011849403381347656,
            9.894371032714844e-05
        ],
        "Chuy\u1ec3n v\u1ecb nhi\u1ec1u d\u00f2ng": [
            0.0008065700531005859,
            0.0006387233734130859
        ],
        "RSA": [
            0.00011730194091796875,
            9.894371032714844e-05,
            9.250640869140625e-05,
            8.96453857421875e-05
        ],
        "AES": [
            0.0003132820129394531,
            0.0002243518829345703,
            0.00019931793212890625,
            0.0002396106719970703,
            0.0001652240753173828,
            0.00018668174743652344,
            0.00018334388732910156,
            0.00015354156494140625,
            0.0001823902130126953,
            0.00017833709716796875
        ],
        "Vigen\u00e8re": [
            0.00012540817260742188,
            0.00010347366333007812,
            9.036064147949219e-05,
            0.00011348724365234375
        ],
        "Caesar": [
            9.894371032714844e-05,
            9.703636169433594e-05,
            9.799003601074219e-05,
            8.893013000488281e-05
        ],
        "XOR": [
            9.393692016601562e-05
        ],
        "Belasco": [
            0.00016999244689941406,
            0.0001404285430908203,
            0.0001163482666015625,
            0.00011754035949707031,
            0.000141143798828125,
            0.00012803077697753906,
            0.00012111663818359375,
            0.0001010894775390625,
            0.0001227855682373047,
            0.00011658668518066406,
            0.00011348724365234375,
            0.000141143798828125,
            0.00013208389282226562,
            0.00011420249938964844,
            0.0001316070556640625,
            9.846687316894531e-05,
            0.00010538101196289062
        ]
    }
}